{"Bacterial_spot": {"precision": 0.966183574879227, "recall": 0.9615384615384616, "f1-score": 0.963855421686747, "support": 208}, "Early_blight": {"precision": 0.9479166666666666, "recall": 0.900990099009901, "f1-score": 0.9238578680203046, "support": 101}, "healthy": {"precision": 0.9581151832460733, "recall": 0.9581151832460733, "f1-score": 0.9581151832460733, "support": 191}, "Late_blight": {"precision": 0.96875, "recall": 0.9393939393939394, "f1-score": 0.9538461538461539, "support": 99}, "Leaf_Mold": {"precision": 0.9722222222222222, "recall": 0.9510869565217391, "f1-score": 0.9615384615384616, "support": 184}, "mosaic_virus": {"precision": 0.9391891891891891, "recall": 0.972027972027972, "f1-score": 0.9553264604810996, "support": 143}, "Septoria_leaf_spot": {"precision": 0.9828897338403042, "recall": 0.9904214559386973, "f1-score": 0.9866412213740459, "support": 522}, "spider_mite": {"precision": 0.9937106918238994, "recall": 0.9875, "f1-score": 0.9905956112852665, "support": 160}, "Target_Spot": {"precision": 0.9615384615384616, "recall": 1.0, "f1-score": 0.9803921568627451, "support": 25}, "Yellow_Leaf_Curl": {"precision": 0.9679144385026738, "recall": 0.9890710382513661, "f1-score": 0.9783783783783784, "support": 183}, "accuracy": 0.9702643171806168, "macro avg": {"precision": 0.9658430161908717, "recall": 0.965014510592815, "f1-score": 0.9652546916719276, "support": 1816}, "weighted avg": {"precision": 0.9702829930573067, "recall": 0.9702643171806168, "f1-score": 0.9701718969775571, "support": 1816}}